<?xml version="1.0" encoding="UTF-8"?>
<project-private xmlns="http://www.netbeans.org/ns/project-private/1">
    <editor-bookmarks xmlns="http://www.netbeans.org/ns/editor-bookmarks/2" lastBookmarkId="0"/>
    <open-files xmlns="http://www.netbeans.org/ns/projectui-open-files/2">
        <group>
            <file>file:/C:/Users/Fariz%20Ichsan%20Prayogo/OneDrive/Dokumen/NetBeansProjects/ProjectKita/ProjectKita/ProjectKita/src/projectkita/Koneksi.java</file>
            <file>file:/C:/Users/Fariz%20Ichsan%20Prayogo/OneDrive/Dokumen/NetBeansProjects/ProjectKita/ProjectKita/ProjectKita/src/projectkita/CheckOutFamilyForm.java</file>
            <file>file:/C:/Users/Fariz%20Ichsan%20Prayogo/OneDrive/Dokumen/NetBeansProjects/ProjectKita/ProjectKita/ProjectKita/src/projectkita/CheckOutFunForm.java</file>
            <file>file:/C:/Users/Fariz%20Ichsan%20Prayogo/OneDrive/Dokumen/NetBeansProjects/ProjectKita/ProjectKita/ProjectKita/src/projectkita/HomePage.java</file>
            <file>file:/C:/Users/Fariz%20Ichsan%20Prayogo/OneDrive/Dokumen/NetBeansProjects/ProjectKita/ProjectKita/ProjectKita/src/projectkita/CheckOutRegularForm.java</file>
            <file>file:/C:/Users/Fariz%20Ichsan%20Prayogo/OneDrive/Dokumen/NetBeansProjects/ProjectKita/ProjectKita/ProjectKita/src/projectkita/CheckOutPrivateForm.java</file>
            <file>file:/C:/Users/Fariz%20Ichsan%20Prayogo/OneDrive/Dokumen/NetBeansProjects/ProjectKita/ProjectKita/ProjectKita/src/projectkita/RegisterForm.java</file>
            <file>file:/C:/Users/Fariz%20Ichsan%20Prayogo/OneDrive/Dokumen/NetBeansProjects/ProjectKita/ProjectKita/ProjectKita/src/projectkita/MainPage.java</file>
            <file>file:/C:/Users/Fariz%20Ichsan%20Prayogo/OneDrive/Dokumen/NetBeansProjects/ProjectKita/ProjectKita/ProjectKita/src/projectkita/FormAdmin.java</file>
        </group>
    </open-files>
</project-private>
